date,title,url
November302022,How web scraping can be used for digital transformation,/blog/web-scraping-digital-transformation/
November282022,Zyte vs import.io: Which is the best alternative?,/blog/importio-alternative/
November232022,Web scraping e-commerce: 5 ways to help you succeed,/blog/web-scraping-e-commerce/
November212022,The Scraper’s System Part 2: Explorer’s Compass to analyze websites ,/blog/scrapers-system-compass/
November42022,Maximize the quality of news and article data extraction,/blog/article-data-extraction/
November42022,The Scraper’s System: a secret sauce to architect scalable web scraping applications,/blog/scalable-scraping-secrets/
November12022,4 key steps to develop an Automated Data QA process,/blog/automated-data-qa/
October252022,Reflecting on the 2022 Web Data Extraction Summit | Zyte,/blog/reflecting-on-the-2022-web-data-extraction-summit-zyte/
October192022,How Data Mining and AI create business value,/blog/data-mining-ai/
October52022,6 Key Takeaways from Extract Summit 2022,/blog/summit-2022-takeways/
date,title,url
November302022,How web scraping can be used for digital transformation,/blog/web-scraping-digital-transformation/
November282022,Zyte vs import.io: Which is the best alternative?,/blog/importio-alternative/
November232022,Web scraping e-commerce: 5 ways to help you succeed,/blog/web-scraping-e-commerce/
November212022,The Scraper’s System Part 2: Explorer’s Compass to analyze websites ,/blog/scrapers-system-compass/
November42022,Maximize the quality of news and article data extraction,/blog/article-data-extraction/
November42022,The Scraper’s System: a secret sauce to architect scalable web scraping applications,/blog/scalable-scraping-secrets/
November12022,4 key steps to develop an Automated Data QA process,/blog/automated-data-qa/
October252022,Reflecting on the 2022 Web Data Extraction Summit | Zyte,/blog/reflecting-on-the-2022-web-data-extraction-summit-zyte/
October192022,How Data Mining and AI create business value,/blog/data-mining-ai/
October52022,6 Key Takeaways from Extract Summit 2022,/blog/summit-2022-takeways/
date,title,url
November302022,How web scraping can be used for digital transformation,/blog/web-scraping-digital-transformation/
November282022,Zyte vs import.io: Which is the best alternative?,/blog/importio-alternative/
November232022,Web scraping e-commerce: 5 ways to help you succeed,/blog/web-scraping-e-commerce/
November212022,The Scraper’s System Part 2: Explorer’s Compass to analyze websites ,/blog/scrapers-system-compass/
November42022,Maximize the quality of news and article data extraction,/blog/article-data-extraction/
November42022,The Scraper’s System: a secret sauce to architect scalable web scraping applications,/blog/scalable-scraping-secrets/
November12022,4 key steps to develop an Automated Data QA process,/blog/automated-data-qa/
October252022,Reflecting on the 2022 Web Data Extraction Summit | Zyte,/blog/reflecting-on-the-2022-web-data-extraction-summit-zyte/
October192022,How Data Mining and AI create business value,/blog/data-mining-ai/
October52022,6 Key Takeaways from Extract Summit 2022,/blog/summit-2022-takeways/
date,title,url
November302022,How web scraping can be used for digital transformation,/blog/web-scraping-digital-transformation/
November282022,Zyte vs import.io: Which is the best alternative?,/blog/importio-alternative/
November232022,Web scraping e-commerce: 5 ways to help you succeed,/blog/web-scraping-e-commerce/
November212022,The Scraper’s System Part 2: Explorer’s Compass to analyze websites ,/blog/scrapers-system-compass/
November42022,Maximize the quality of news and article data extraction,/blog/article-data-extraction/
November42022,The Scraper’s System: a secret sauce to architect scalable web scraping applications,/blog/scalable-scraping-secrets/
November12022,4 key steps to develop an Automated Data QA process,/blog/automated-data-qa/
October252022,Reflecting on the 2022 Web Data Extraction Summit | Zyte,/blog/reflecting-on-the-2022-web-data-extraction-summit-zyte/
October192022,How Data Mining and AI create business value,/blog/data-mining-ai/
October52022,6 Key Takeaways from Extract Summit 2022,/blog/summit-2022-takeways/
October42022,Hacktoberfest 2022: Contribute to the Open-Source Community,/blog/hacktoberfest-2022/
September132022,Web Data Extraction Summit 2022,/blog/web-data-extraction-summit-2022/
August262022,Guarantee the best results for product data extraction,/blog/product-data-extraction-automatic/
August262022,"Web snapshots? The what, the why, and the how",/blog/web-snapshots/
August232022,How to successfully build an Enterprise Data Extraction infrastructure,/blog/enterprise-data-extraction/
August152022,How to optimize your data strategy with web data scraping,/blog/optimize-data-strategy/
June142022,5 Reasons to Attend Extract Summit 2022,/blog/5-reasons-to-attend-extract-summit-2022/
June32022,How to use Playwright with Zyte Smart Proxy Manager,/blog/how-to-use-playwright-with-zyte-smart-proxy-manager/
June32022,How to use Selenium with Zyte Smart Proxy Manager,/blog/how-to-use-selenium-with-zyte-smart-proxy-manager/
June32022,How to use Puppeteer with Zyte Smart Proxy Manager,/blog/how-to-use-puppeteer-with-zyte-smart-proxy-manager/
May182022,How to avoid web scraping blocks and bans,/blog/scraping-blocks-and-bans/
May112022,How web scraping is utilized for used car data extraction,/blog/web-scraping-utilized-for-used-car-data/
May42022,Scraping large e-commerce websites: A guide for large scale web scraping,/blog/web-scraping-large-ecommerce-websites/
April82022,A developer’s guide to rotating proxies in Python,/blog/developers-guide-to-rotating-proxies-in-python/
April62022,The importance of web scraping in data journalism,/blog/importance-web-scraping-data-journalism/
March312022,How can the travel industry benefit from data scraping?,/blog/how-can-travel-industry-benefit-from-data-scraping/
March302022,Scraping e-commerce websites & leveraging product data at scale,/blog/scraping-e-commerce-websites-product-data-at-scale/
March222022,Rotating proxies and why they are important,/blog/why-are-rotating-proxies-important/
March162022,St Patrick’s day special: Finding Dublin’s best pint of Guinness with web scraping,/blog/web-scraping-best-pint-of-guinness-dublin/
March152022,A quick guide on how to scrape blog posts,/blog/how-to-scrape-blogs-guide/
March102022,Why you need proxies for web scraping,/blog/proxies-for-web-scraping/
March82022,Understanding the value of scraping customer reviews,/blog/scraping-customer-reviews/
December92021,Zyte named as one of Deloitte Technology Fast 50,/blog/zyte-named-as-one-of-deloitte-technology-fast-50/
December22021,How to extract data from an HTML table,/blog/how-to-extract-data-from-an-html-table/
November102021,What is a proxy server and how do they work?,/blog/what-is-a-proxy-server-and-how-do-they-work/
October122021,Extract Summit 2021: Highlights and key takeaways,/blog/extract-summit-2021-highlights-and-key-takeaways/
September152021,How does a headless browser help with web scraping and data extraction?,/blog/how-does-a-headless-browser-help-with-web-scraping-and-data-extraction/
September82021,"Proxies versus VPNs: What’s the difference, and which one is right for my use case?",/blog/proxies-versus-vpns-whats-the-difference-and-which-one-is-right-for-my-use-case/
September72021,How to manage bans and get data with Zyte Data API Smart Browser,/blog/manage-bans-and-get-your-data-zyte-data-api/
August312021,How to reduce noise in the data through data parsing,/blog/how-to-reduce-noise-in-the-data-through-data-parsing/
August262021,What is web data harvesting?,/blog/what-is-web-data-harvesting/
August242021,In pursuit of perfection: measuring web product data quality,/blog/measuring-web-product-data-quality-against-the-competition/
August192021,Web Data Extraction Summit 2021,/blog/web-data-extraction-summit-2021/
August192021,Residential Proxies: How are they different to data center proxies & how to manage them,/blog/residential-proxies-how-are-they-different-to-data-center-proxies-how-to-manage-them/
August192021,Zyte Developers Community newsletter issue #10,/blog/zyte-developers-community-newsletter-issue-10/
August172021,What is data mining? How is it different from web scraping?,/blog/what-is-data-mining/
July292021,Zyte Developers Community newsletter issue #9,/blog/zyte-developers-community-newsletter-issue-9/
July272021,How Scrapy makes web crawling easy,/blog/how-scrapy-makes-web-crawling-easy/
July152021,How to extract data from a website?,/blog/how-to-extract-data-from-a-website/
July152021,Zyte Developers Community newsletter issue #8,/blog/zyte-developers-community-newsletter-issue-8/
July12021,Scale up your Scrapy projects with Smart Proxy Manager,/blog/scale-up-your-scrapy-projects-with-zyte-smart-proxy-manager-formerly-crawlera/
July12021,Zyte Developers Community newsletter issue #7,/blog/zyte-developers-community-newsletter-issue-7/
June232021,Van Buren: A victory for web scrapers,/blog/van-buren-a-victory-for-web-scrapers/
June172021,Zyte Developers Community newsletter issue #6,/blog/zyte-developers-community-newsletter-issue-6/
June172021,How web data can help fuel your dynamic pricing strategy,/blog/how-web-data-can-fuel-your-dynamic-pricing-strategy/
June32021,Zyte Developers Community newsletter issue #5,/blog/zyte-developers-community-newsletter-issue-5/
June32021,Extract JSONs like a pro with chompjs and JMESPath,/blog/extract-json-using-chompjs-and-jmespath/
June22021,Extracting article & news data: The importance of data quality,/blog/news-api-blog-importance-of-article-quality/
May212021,Zyte Developers Community newsletter issue #4,/blog/zyte-developers-community-newsletter-issue-4/
May182021,Extract Summit 2021 - come join the web data revolution,/blog/extract-summit-2021-come-join-the-web-data-revolution/
May132021,Alternative data for hedge funds & portfolio management,/blog/alternative-data-for-hedge-funds-portfolio-management/
May112021,The importance of web data and how to easily access it,/blog/the-importance-of-web-data-and-how-to-easily-access-it/
May62021,Dateparser: A little but powerful date parsing library,/blog/dateparser-a-powerful-date-parsing-library/
April282021,Zyte Developers Community newsletter issue #3,/blog/zyte-developers-community-newsletter-issue-3/
April82021,Zyte Developers Community newsletter issue #2,/blog/zyte-developers-community-newsletter-issue-2/
March292021,Zyte Developers Community newsletter issue #1,/blog/zyte-developers-community-newsletter-issue-1/
March192021,Insurance & credit scoring with alternative data,/blog/insurance-credit-scoring-enhanced-with-alternative-data/
March112021,Launching the Zyte Developers Community,/blog/launching-the-zyte-developers-community/
February252021,Automatic Extraction: Better web data with less hassle,/blog/automatic-extraction-data-extractor-review/
February182021,Scrapy update: Better broad crawl performance,/blog/scrapy-update-better-broad-crawl-performance/
February22021,"Hi, we’re Zyte!",/blog/scrapinghub-is-now-zyte/
February12021,Irish data extraction innovator unveils new name – and new AI-powered Automatic Extraction service,/blog/press-release-scrapinghub-is-now-zyte/
January282021,Large scale web scraping,/blog/large-scale-web-scraping/
December302020,Announcing The Web Data Extraction Summit 2020,/blog/announcing-the-web-data-extraction-summit-2020/
September302020,A practical guide to web data QA part V: Broad crawls,/blog/a-practical-guide-to-web-data-qa-part-v-broad-crawls/
September242020,Announcing the Web Data Extraction Summit 2020,/blog/web-data-extraction-summit-2020/
September102020,News & article data extraction: Open source vs closed source solutions,/blog/news-article-data-extraction-open-source-vs-closed-source-solutions/
September32020,A practical guide to web data QA part IV: Complementing semi-automated techniques,/blog/a-practical-guide-to-web-data-qa-part-iv-complementing-semi-automated-techniques/
August272020,Real estate: Use web data extraction to make smarter decisions,/blog/web-scraping-real-estate-data-use-cases/
August62020,Scrapy Cloud secrets: Hub Crawl Frontier and how to use it,/blog/scrapy-cloud-secrets-hub-crawl-frontier-and-how-to-use-it/
July302020,Blog comments API (BETA): Extract blog comment data at scale,/blog/blog-comments-api-beta-release/
July282020,Your price intelligence questions answered,/blog/price-intelligence-questions-answered/
July212020,Data center proxies vs. residential proxies,/blog/data-center-proxies-vs-residential-proxies/
July142020,How to get high success rates with proxies: 3 steps to scale up,/blog/how-to-get-high-success-rates-with-proxies-3-steps-to-scale-up/
July92020,Zyte Automatic Extraction job postings API: Stable release,/blog/job-postings-api-stable-release/
July72020,Web scraping basics: A developer’s guide to reliably extract data,/blog/web-scraping-basics-tools/
June112020,Price gouging or economics at work: Price intelligence to track consumer sentiment,/blog/price-gouging-or-economics-at-work-price-intelligence-to-track-consumer-sentiment/
June92020,A practical guide to web data QA part III: Holistic data validation techniques,/blog/web-data-qa-part-iii-combining-manual-and-automated-techniques-for-holistic-data-validation/
May192020,Product reviews API (beta): Extract product reviews at scale,/blog/product-reviews-api-beta-extract-product-reviews-at-scale/
April282020,Custom crawling & News API: designing a web scraping solution,/blog/extract-articles-at-scale-designing-a-web-scraping-solution/
April162020,Vehicle API (beta): Extract automotive data at scale,/blog/vehicle-api-launch/
April92020,A practical guide to web data extraction QA part II: Common validation pitfalls,/blog/web-data-qa-common-validation-pitfalls/
March252020,Transitioning to remote working as a company,/blog/transitioning-to-remote-working-as-a-company/
March242020,A practical guide to web data QA part I: Validation techniques,/blog/guide-to-web-data-extraction-qa-validation-techniques/
March132020,COVID-19: Handling the situation as a fully remote company,/uncategorized/
March122020,Extracting clean article HTML with news API,/blog/extracting-clean-article-html-with-autoextract/
March52020,Job postings beta API: Extract job postings at scale,/blog/job-postings-at-scale-beta-api/
March32020,Building spiders made easy: GUI for your Scrapy shell,/blog/building-spiders-made-easy-gui-for-your-scrapy-shell/
February272020,How to scrape the web without getting blocked,/blog/how-to-scrape-the-web-without-getting-blocked/
February242020,News web data extraction to predict Irish election results,/blog/news-web-data-extraction-to-predict-irish-election-results/
February182020,Introducing Zyte Smart Proxy Manager (formerly Crawlera) — free trials & new plans,/blog/introducing-zyte-smart-proxy-manager-crawlera-free-trials-new-plans/
February122020,Best recruitment tips: How to scout top talent,/blog/recruitment-tips-to-find-top-talent/
January302020,Looking back at 2019,/blog/looking-back-at-2019/
January232020,How to use a proxy in Puppeteer,/blog/how-to-use-a-proxy-in-puppeteer/
January92020,How to leverage alternative data in asset management,/blog/how-to-leverage-alternative-data-in-asset-management/
December102019,Backconnect proxy: Explanation & comparison to other proxies,/blog/backconnect-proxy/
December42019,4 sectors that benefited most from business intelligence software,/blog/4-sectors-that-benefited-most-from-business-intelligence-software/
November262019,Price scraping: The best free tool to scrape prices,/blog/price-scraping-best-free-tool-to-scrape-prices/
November142019,How to use Zyte Smart Proxy Manager (formerly Crawlera) with Scrapy,/blog/how-to-use-zyte-smart-proxy-manager-with-scrapy/
November72019,"Scrapy, Matplotlib, and MySQL: Real estate data analysis",/blog/scrapy-matplotlib-and-mysql-real-estate-data-analysis/
October172019,Web scraping questions & answers part II,/blog/web-scraping-questions-answers-part-2/
October152019,Scrapy & Zyte Automatic Extraction API integration,/blog/scrapy-autoextract-api-integration/
October102019,Web scraping questions & answers part I,/blog/web-scraping-questions-answers-part-1/
October82019,"Price intelligence with Python: Scrapy, SQL, and Pandas",/blog/price-intelligence-with-python-scrapy-sql-pandas/
September262019,The Web Data Extraction Summit 2019,/blog/the-web-data-extraction-summit-2019/
September172019,News data extraction at scale with AI-powered Zyte Automatic Extraction,/blog/news-data-extraction-at-scale-with-ai-powered-autoextract/
September122019,Gain a competitive edge with product data,/blog/gain-a-competitive-edge-with-product-data/
September52019,Four use cases for online public sentiment data,/blog/use-cases-for-online-public-sentiment-data/
August292019,The first-ever Web Data Extraction Summit!,/blog/the-first-web-data-extraction-summit/
August222019,Learn how to configure and utilize proxies with Python requests module,/blog/python-requests-proxy/
August82019,How to set up a custom proxy in Scrapy?,/blog/scrapy-proxy/
July252019,GDPR update: Scraping public personal data,/blog/gdpr-public-personal-data-update/
July42019,Solution architecture part 5: Designing a well-optimized web scraping solution,/blog/solution-architecture-part-5-designing-a-solution-estimating-resource-requirements/
June132019,Solution architecture part 4: Accessing the technical feasibility of your web scraping project,/blog/solution-architecture-part-4-accessing-the-technical-feasibility-of-your-web-scraping-project/
May302019,Visual web scraping tools: What to do when they are no longer fit for purpose?,/blog/visual-web-scraping-tools-what-to-do-when-they-are-no-longer-fit-for-purpose/
May232019,Solution architecture part 3: Conducting a web scraping legal review,/blog/solution-architecture-part-3-conducting-a-web-scraping-legal-review/
May142019,ScrapyRT: Turn websites into real-time APIs,/blog/scrapyrt-turn-websites-into-real-time-apis/
May92019,Web data analysis: Exposing NFL player salaries with Python,/blog/web-data-analysis-exposing-nfl-player-salaries-with-python/
April112019,From the creators of Scrapy: Artificial intelligence data extraction API,/blog/artificial-intelligence-data-extraction-api/
April92019,Zyte’s (formerly Scrapinghub) new AI-powered Automatic Extraction API for e-commerce & article extraction,/blog/developer-data-extraction-api-for-product-article-extraction/
April52019,Solution architecture part 2: How to define the scope of your web scraping project,/blog/web-scraping-requirement-gathering/
March212019,Navigating compliance when extracting web scraped alternative data for finance,/blog/regulatory-compliance-for-alternative-web-scraped-financial-data/
March52019,Spidermon: Zyte's (formerly Scrapinghub) secret sauce to our data quality & reliability guarantee,/blog/spidermon-the-secret-sauce-to-our-data-quality-guarantee/
March12019,Meet Spidermon: Zyte's (formerly Scrapinghub) battle-tested spider monitoring library [now open-sourced],/blog/spidermon-scrapy-spider-monitoring/
February212019,Proxy management: Should I build my proxy infrastructure in-house or use an off-the-shelf proxy solution?,/blog/best-web-scraping-proxy-management-solution/
February152019,A sneak peek inside Zyte Smart Proxy Manager (formerly Crawlera): The world’s smartest web scraping proxy network,/blog/sneak-peek-inside-zyte-smart-proxy-manager-crawlera/
February72019,Why we created Zyte Smart Proxy Manager (formerly Crawlera)?,/blog/the-zyte-smart-proxy-manager-crawlera-story/
February12019,The rise of web data in hedge fund decision making & the importance of data quality,/blog/alternative-financial-data-quality/
January242019,The predictive power of web scraped product data for institutional investors: A GoPro case study,/blog/gopro-study/
January82019,The challenges e-commerce retailers face managing their web scraping proxies,/blog/challenges-enterprise-ecommerce-web-scraping-proxies/
December212018,Looking back at 2018,/blog/looking-back-at-2018/
December132018,Do what is right not what is easy!,/blog/gdpr-web-scraping-iiap-europe-data-protection-congress/
November222018,Shubber GetTogether 2018,/blog/shubber-gettogether-2018/
September272018,Data quality assurance for enterprise web scraping,/blog/data-quality-assurance-for-enterprise-web-scraping/
September122018,What I learned as a Google Summer of Code student at Zyte (formerly Scrapinghub),/blog/what-i-learned-as-a-google-summer-of-code-student-at-zyte/
July252018,GDPR compliance for web scrapers: The step-by-step guide,/blog/web-scraping-gdpr-compliance-guide/
July22018,Data for price intelligence: Lessons learned scraping 100 billion products pages,/blog/price-intelligence-web-scraping-at-scale-100-billion-products/
June192018,A sneak peek inside what hedge funds think of alternative financial data,/blog/a-sneak-peek-inside-what-hedge-funds-think-of-alternative-financial-data/
June72018,Want to predict Fitbit’s quarterly revenue? Eagle Alpha did it using web scraped product data,/blog/fitbit-quarterly-revenue-web-scraped-product-data/
May302018,How data compliance companies are turning to web crawlers to take advantage of the GDPR business opportunity,/blog/gdpr-compliance-tools-web-scraping-crawlers/
December312017,Looking back at 2017,/blog/looking-back-at-2017/
November52017,"A faster, updated Scrapinghub (now Zyte)",/blog/a-faster-updated-scrapinghub-now-zyte/
July72017,Scraping the Steam game store with Scrapy,/blog/scraping-the-steam-game-store-with-scrapy/
June192017,Do Androids dream of electric sheep?,/blog/do-androids-dream-of-electric-sheep/
April192017,Deploy your Scrapy spiders from GitHub,/blog/deploy-your-scrapy-spiders-from-github/
January12017,Looking back at 2016,/blog/looking-back-at-2016/
December152016,How to increase sales with online reputation management,/blog/how-to-increase-sales-with-online-reputation-management/
November242016,How to build your own price monitoring tool,/blog/how-to-build-your-own-price-monitoring-tool/
November102016,How you can use web data to accelerate your startup,/blog/how-you-can-use-web-data-to-accelerate-your-startup/
October272016,An introduction to XPath: How to get started,/blog/an-introduction-to-xpath-with-examples/
October192016,Why promoting open data increases economic opportunities,/blog/why-promoting-open-data-increases-economic-opportunities/
October62016,Interview: How Up Hail uses Scrapy to increase transparency,/blog/interview-how-up-hail-uses-scrapy-to-increase-transparency/
September282016,How to run Python scripts in Scrapy Cloud,/blog/how-to-run-python-scripts-in-scrapy-cloud/
September222016,Embracing the future of work: How to communicate remotely,/blog/embracing-the-future-of-work-how-to-communicate-remotely/
September82016,How to deploy custom docker images for your web crawlers,/blog/how-to-deploy-custom-docker-images-for-your-web-crawlers/
September12016,Improved Frontera: Web crawling at scale with Python 3 support,/blog/improved-frontera-web-crawling-at-scale-with-python-3-support/
August252016,How to crawl the web politely with Scrapy,/blog/how-to-crawl-the-web-politely-with-scrapy/
August172016,Introducing Scrapy Cloud with Python 3 support,/blog/introducing-scrapy-cloud-with-python-3-support/
August112016,What the Suicide Squad tells us about web data,/blog/what-the-suicide-squad-tells-us-about-web-data/
August42016,This month in open source at Scrapinghub (now Zyte) August 2016,/blog/this-month-in-open-source-at-scrapinghub-now-zyte-august-2016/
July282016,Meet Parsel: The selector library behind Scrapy,/blog/meet-parsel-the-selector-library-behind-scrapy/
July202016,Incremental crawls with Scrapy and DeltaFetch,/blog/scrapy-tips-from-the-pros-july-2016/
July132016,Improving access to Peruvian Congress bills with Scrapy,/blog/improving-access-to-peruvian-congress-bills-with-scrapy/
July72016,Scrapely: The brains behind Portia spider,/blog/scrapely-the-brains-behind-portia-spiders/
June292016,Introducing Portia2Code: Portia projects into Scrapy spiders,/blog/introducing-portia2code-portia-projects-into-scrapy-spiders/
June222016,Scraping infinite scrolling pages,/blog/scrapy-tips-from-the-pros-june-2016/
June152016,This month in open source at Scrapinghub June 2016,/blog/this-month-in-open-source-at-scrapinghub-now-zyte-june-2016/
June92016,Introducing the Datasets catalog,/blog/introducing-the-datasets-catalog/
June12016,Introducing the Zyte Smart Proxy Manager (formerly Crawlera) dashboard,/blog/introducing-zyte-smart-proxy-manager-crawlera-dashboard/
May252016,Data extraction with Scrapy and Python 3,/blog/data-extraction-with-scrapy-and-python/
May182016,How to debug your Scrapy spiders,/blog/scrapy-tips-from-the-pros-may-2016-edition/
May112016,Scrapy + MonkeyLearn: Textual analysis of web data,/blog/monkeylearn-addon-retail-classifier-tutorial/
May42016,Introducing Scrapy Cloud 2.0,/blog/introducing-scrapy-cloud-2-0/
April272016,A (not so) short story on getting decent internet access,/blog/a-not-so-short-story-on-getting-decent-internet-access/
April202016,Scraping websites based on ViewStates with Scrapy,/blog/scrapy-tips-from-the-pros-april-2016-edition/
April142016,Machine learning with web scraping: New MonkeyLearn addon,/blog/grow-your-data-with-monkeylearn-addon/
April62016,Mapping corruption in the Panama papers with open data,/blog/how-to-become-a-whistleblower-from-panama-papers-to-open-data/
March302016,Web scraping to create open data,/blog/web-scraping-to-create-open-data/
March232016,Scrapy tips from the pros: March 2016 edition,/blog/scrapy-tips-from-the-pros-march-2016-edition/
March162016,This month in open source at Scrapinghub (now Zyte) March 2016,/blog/this-month-in-open-source-at-scrapinghub-now-zyte-march-2016/
March142016,Join Scrapinghub for Google Summer of Code 2016,/blog/join-scrapinghub-now-zyte-for-google-summer-of-code-2016/
March92016,How web scraping is revealing lobbying and corruption in Peru,/blog/how-web-scraping-is-revealing-lobbying-and-corruption-in-peru/
February292016,Splash 2.0 is here with Qt 5 and Python 3,/blog/splash-2-0-here-with-qt-5-and-python-3/
February262016,Migrate your Kimono projects to Portia,/blog/migrate-your-kimono-projects-to-portia/
February242016,Scrapy tips from the pros: February 2016 edition,/blog/scrapy-tips-from-the-pros-february-2016-edition/
February172016,Portia: The open-source alternative to Kimono labs,/blog/portia-alternative-to-kimono/
February102016,Web scraping finds stores guilty of price inflation,/blog/which-stores-are-guilty-of-price-inflation/
February42016,Python 3 is coming to Scrapy,/blog/python-3-support-with-scrapy-1/
January272016,Happy anniversary: Zyte (formerly Scrapinghub) turns 5,/blog/happy-anniversary-scrapinghub-now-zyte-turns-5/
January192016,Scrapy tips from the pros: part 1,/blog/scrapy-tips-from-the-pros-part-1/
January132016,Vizlegal: Rise of machine-readable laws and court judgments,/blog/vizlegal-rise-of-machine-readable-laws-and-court-judgments/
January62016,Christmas eve vs new year's eve: Last-minute price inflation?,/blog/christmas-eve-vs-new-years-eve-last-minute-price-inflation/
December312015,Looking back at 2015,/blog/looking-back-at-2015/
December212015,Winter sales showdown: Black Friday vs Cyber Monday vs Green Monday,/blog/winter-sales-showdown-black-friday-vs-cyber-monday-vs-green-monday/
December162015,Chats with RINAR Solutions,/blog/chats-with-rinar-solutions/
December32015,"Black Friday, Cyber Monday: Are they worth it?",/blog/black-friday-cyber-monday-are-they-worth-it/
November162015,Tips for creating a cohesive company culture remotely,/blog/tips-for-creating-a-cohesive-company-culture-remotely/
November92015,Parse natural language dates with Dateparser,/blog/parse-natural-language-dates-with-dateparser/
September292015,Aduana: Link analysis to crawl the web at scale,/blog/aduana-link-analysis-to-crawl-the-web-at-scale/
August192015,Scrapy on the road to Python 3 support,/blog/scrapy-on-the-road-to-python-3-support/
August192015,Introducing Javascript support for Portia,/blog/introducing-javascript-support-for-portia/
August62015,Distributed Frontera: Web crawling at scale,/blog/distributed-frontera-web-crawling-at-large-scale/
August32015,The road to loading JavaScript in Portia,/blog/the-road-to-loading-javascript-in-portia/
July212015,EuroPython 2015,/blog/europython-2015/
July172015,StartupChats remote working Q&A,/blog/startupchats-remote-working/
July152015,PyCon Philippines 2015,/blog/pycon-philippines-2015/
June252015,Google Summer of Code 2015,/blog/google-summer-of-code-2015/
June192015,Link analysis algorithms explained,/blog/link-analysis-algorithms-explained/
June122015,"EuroPython, here we go!",/blog/europython-here-we-go/
June82015,Aduana: Link analysis with Frontera,/blog/aduana-link-analysis-with-frontera/
June82015,Using git to manage vacations in a large distributed team,/blog/git-for-managing-vacations/
May272015,Gender inequality across programming languages,/blog/gender-inequality-across-programming-languages/
May122015,Traveling tips for remote workers,/blog/traveling-tips-for-remote-workers/
April282015,A career in remote working,/blog/a-career-in-remote-working/
April222015,Frontera: The brain behind the crawls,/blog/frontera-the-brain-behind-the-crawls/
April72015,Scrape data visually with Portia and Scrapy Cloud,/blog/scrape-data-visually-with-portia-and-scrapy-cloud/
March172015,Zyte (formerly Scrapinghub): A remote working success story,/blog/scrapinghub-now-zyte-remote-working-success-story/
March162015,Why we moved to Slack,/blog/why-we-moved-to-slack/
March162015,The history of Scrapinghub,/blog/history-of-zyte-formerly-scrapinghub/
March52015,Skinfer: A tool for inferring JSON schemas,/blog/skinfer-a-tool-for-inferring-json-schemas/
March22015,Handling JavaScript in Scrapy with Splash,/blog/handling-javascript-in-scrapy-with-splash/
February242015,Scrapinghub (now Zyte) crawls the deep web,/blog/memex/
January232015,New changes to our Scrapy cloud platform,/blog/new-changes-to-our-scrapy-cloud-platform/
January222015,Introducing ScrapyRT: An API for Scrapy spiders,/blog/introducing-scrapyrt-an-api-for-scrapy-spiders/
December312014,Looking back at 2014,/blog/looking-back-at-2014/
July172014,XPath tips from the web scraping trenches,/blog/xpath-tips-from-the-web-scraping-trenches/
June272014,Introducing data reviews,/blog/introducing-data-reviews/
June182014,Extracting schema.org microdata using Scrapy selectors and XPath,/blog/extracting-schema-org-microdata-using-scrapy-selectors-and-xpath/
April12014,"Announcing Portia, the open-source visual web scraper!",/blog/announcing-portia/
March262014,Optimizing memory usage of Scikit-Learn models using succinct tries,/blog/optimizing-memory-usage-of-scikit-learn-models-using-succinct-tries/
January182014,Open source at Zyte,/blog/open-source-at-scrapinghub-now-zyte/
December312013,Looking back at 2013,/blog/looking-back-at-2013/
October12013,Marcos Campal is a ScrapingHubber!,/blog/marcos-campal-is-a-scrapinghubber/
July272013,Introducing Dash,/blog/introducing-dash/
May132013,Why MongoDB is a bad choice for storing our scraped data,/blog/mongo-bad-for-scraped-data/
May112013,"Introducing Crawlera (now Zyte Smart Proxy Manager), a smart page downloader",/blog/introducing-crawlera-now-zyte-smart-proxy-manager/
March62013,Git workflow for Scrapy projects,/blog/git-workflow-scrapy-projects/
October262012,How to fill login forms automatically,/blog/filling-login-forms-automatically/
August252012,Spiders activity graphs,/blog/spiders-activity-graphs/
July232012,Finding similar items,/blog/finding-similar-items/
February272012,Scrapy 0.15 dropping support for Python 2.5,/blog/scrapy-0-15-dropping-support-for-python-2-5/
February272012,Autoscraping casts a wider net,/blog/autoscraping-casts-a-wider-net/
November182011,Scrapy 0.14 released,/blog/scrapy-0-14-released/
April282011,Dirbot: A new example Scrapy project,/blog/dirbot-a-new-example-scrapy-project/
April202011,Introducing w3lib and scrapely,/blog/introducing-w3lib-and-scrapely/
January32011,Scrapy 0.12 released,/blog/scrapy-0-12-released/
November122010,Spoofing your Scrapy bot IP using tsocks,/blog/scrapy-tsocks/
June262010,"Hello, world",/blog/hello-world/
